
{
    "region" : "us-east-1",
    "configuration" : "Debug",
    "framework"     : "net5.0",
    "self-contained" : false,
    "application"    : "ResiduosApi",
    "environment"    : "ResiduosApi-dev",
    "enable-xray"    : false,
    "enhanced-health-type" : "basic",
    "additional-options"   : "\"aws:autoscaling:launchconfiguration,SecurityGroups\"=\"sg-0fc66b14ea68869d5\";\"aws:ec2:vpc,Subnets\"=\"subnet-0ebb7be909eed52a1\"",
    "solution-stack"       : "64bit Amazon Linux 2 v2.3.5 running .NET Core",
    "environment-type"     : "SingleInstance",
    "cname"                : "pruebahook-dev",
    "instance-type"        : "t3a.nano",
    "key-pair"             : "",
    "instance-profile"     : "aws-elasticbeanstalk-ec2-role",
    "service-role"         : "aws-elasticbeanstalk-service-role",
    "proxy-server"         : "nginx"
}